antecedents,consequents,support,confidence,lift,leverage,conviction
POPPY'S PLAYHOUSE LIVINGROOM,POPPY'S PLAYHOUSE BEDROOM,0.0106,0.827,53.9529,0.010358,5.6908
POPPY'S PLAYHOUSE BEDROOM,POPPY'S PLAYHOUSE LIVINGROOM,0.0106,0.6886,53.9529,0.010358,3.1699
POPPY'S PLAYHOUSE KITCHEN,POPPY'S PLAYHOUSE LIVINGROOM,0.0114,0.661,51.7948,0.011178,2.9124
POPPY'S PLAYHOUSE LIVINGROOM,POPPY'S PLAYHOUSE KITCHEN,0.0114,0.8931,51.7948,0.011178,9.1958
POPPY'S PLAYHOUSE BEDROOM,POPPY'S PLAYHOUSE KITCHEN,0.0131,0.8538,49.5148,0.012823,6.7226
POPPY'S PLAYHOUSE KITCHEN,POPPY'S PLAYHOUSE BEDROOM,0.0131,0.7589,49.5148,0.012823,4.0849
SET/6 RED SPOTTY PAPER PLATES,SET/6 RED SPOTTY PAPER CUPS,0.011,0.6634,46.748,0.010773,2.9288
SET/6 RED SPOTTY PAPER CUPS,SET/6 RED SPOTTY PAPER PLATES,0.011,0.7757,46.748,0.010773,4.3852
"KEY FOB , BACK DOOR","KEY FOB , FRONT  DOOR",0.0102,0.5546,42.5877,0.009989,2.2158
"KEY FOB , FRONT  DOOR","KEY FOB , BACK DOOR",0.0102,0.7855,42.5877,0.009989,4.5768
WOODEN STAR CHRISTMAS SCANDINAVIAN,WOODEN TREE CHRISTMAS SCANDINAVIAN,0.0108,0.5458,40.4961,0.010578,2.1718
WOODEN TREE CHRISTMAS SCANDINAVIAN,WOODEN STAR CHRISTMAS SCANDINAVIAN,0.0108,0.8048,40.4961,0.010578,5.0216
"KEY FOB , SHED","KEY FOB , GARAGE DESIGN",0.0102,0.4869,37.3876,0.009956,1.9234
"KEY FOB , GARAGE DESIGN","KEY FOB , SHED",0.0102,0.7855,37.3876,0.009956,4.5648
RED STRIPE CERAMIC DRAWER KNOB,BLUE STRIPE CERAMIC DRAWER KNOB,0.0114,0.6654,35.6357,0.01111,2.9329
BLUE STRIPE CERAMIC DRAWER KNOB,RED STRIPE CERAMIC DRAWER KNOB,0.0114,0.6122,35.6357,0.01111,2.5342
"KEY FOB , BACK DOOR","KEY FOB , SHED",0.0134,0.7254,34.5232,0.012992,3.5645
"KEY FOB , SHED","KEY FOB , BACK DOOR",0.0134,0.6368,34.5232,0.012992,2.7024
FELTCRAFT PRINCESS CHARLOTTE DOLL,FELTCRAFT PRINCESS LOLA DOLL,0.0113,0.6056,34.4066,0.010941,2.4908
FELTCRAFT PRINCESS LOLA DOLL,FELTCRAFT PRINCESS CHARLOTTE DOLL,0.0113,0.6402,34.4066,0.010941,2.7278
"GREEN REGENCY TEACUP AND SAUCER, REGENCY CAKESTAND 3 TIER",PINK REGENCY TEACUP AND SAUCER,0.0105,0.7216,33.7706,0.01021,3.5152
PINK REGENCY TEACUP AND SAUCER,"GREEN REGENCY TEACUP AND SAUCER, REGENCY CAKESTAND 3 TIER",0.0105,0.4924,33.7706,0.01021,1.9413
KITCHEN METAL SIGN,"BATHROOM METAL SIGN, TOILET METAL SIGN",0.0102,0.6046,33.7287,0.009926,2.4838
"BATHROOM METAL SIGN, TOILET METAL SIGN",KITCHEN METAL SIGN,0.0102,0.5707,33.7287,0.009926,2.2897
"GREEN REGENCY TEACUP AND SAUCER, ROSES REGENCY TEACUP AND SAUCER",PINK REGENCY TEACUP AND SAUCER,0.0152,0.7128,33.357,0.014774,3.4071
PINK REGENCY TEACUP AND SAUCER,"GREEN REGENCY TEACUP AND SAUCER, ROSES REGENCY TEACUP AND SAUCER",0.0152,0.7128,33.357,0.014774,3.4071
GREEN REGENCY TEACUP AND SAUCER,"PINK REGENCY TEACUP AND SAUCER, ROSES REGENCY TEACUP AND SAUCER",0.0152,0.5671,33.1377,0.014771,2.2705
"PINK REGENCY TEACUP AND SAUCER, ROSES REGENCY TEACUP AND SAUCER",GREEN REGENCY TEACUP AND SAUCER,0.0152,0.8899,33.1377,0.014771,8.8422
GREEN REGENCY TEACUP AND SAUCER,"PINK REGENCY TEACUP AND SAUCER, REGENCY CAKESTAND 3 TIER",0.0105,0.3918,32.7837,0.010201,1.6245
"PINK REGENCY TEACUP AND SAUCER, REGENCY CAKESTAND 3 TIER",GREEN REGENCY TEACUP AND SAUCER,0.0105,0.8804,32.7837,0.010201,8.139
"BATHROOM METAL SIGN, KITCHEN METAL SIGN",TOILET METAL SIGN,0.0102,0.7482,32.5893,0.009915,3.8805
TOILET METAL SIGN,"BATHROOM METAL SIGN, KITCHEN METAL SIGN",0.0102,0.4455,32.5893,0.009915,1.7789
WOODEN STAR CHRISTMAS SCANDINAVIAN,WOODEN HEART CHRISTMAS SCANDINAVIAN,0.0142,0.7141,32.3837,0.013753,3.42
WOODEN HEART CHRISTMAS SCANDINAVIAN,WOODEN STAR CHRISTMAS SCANDINAVIAN,0.0142,0.6436,32.3837,0.013753,2.75
FELTCRAFT CUSHION RABBIT,FELTCRAFT CUSHION BUTTERFLY,0.0139,0.659,31.218,0.013422,2.8702
FELTCRAFT CUSHION BUTTERFLY,FELTCRAFT CUSHION RABBIT,0.0139,0.6569,31.218,0.013422,2.8535
GREEN REGENCY TEACUP AND SAUCER,PINK REGENCY TEACUP AND SAUCER,0.0179,0.6651,31.1241,0.017287,2.9218
PINK REGENCY TEACUP AND SAUCER,GREEN REGENCY TEACUP AND SAUCER,0.0179,0.8359,31.1241,0.017287,5.929
GARDENERS KNEELING PAD KEEP CALM,GARDENERS KNEELING PAD CUP OF TEA,0.0149,0.6181,30.4046,0.014384,2.5651
GARDENERS KNEELING PAD CUP OF TEA,GARDENERS KNEELING PAD KEEP CALM,0.0149,0.7316,30.4046,0.014384,3.6365
PINK REGENCY TEACUP AND SAUCER,"REGENCY CAKESTAND 3 TIER, ROSES REGENCY TEACUP AND SAUCER",0.0103,0.4818,30.0921,0.009952,1.8987
"REGENCY CAKESTAND 3 TIER, ROSES REGENCY TEACUP AND SAUCER",PINK REGENCY TEACUP AND SAUCER,0.0103,0.643,30.0921,0.009952,2.7413
PINK HAPPY BIRTHDAY BUNTING,BLUE HAPPY BIRTHDAY BUNTING,0.0122,0.5214,29.5712,0.011829,2.0527
BLUE HAPPY BIRTHDAY BUNTING,PINK HAPPY BIRTHDAY BUNTING,0.0122,0.6943,29.5712,0.011829,3.1943
TOILET METAL SIGN,KITCHEN METAL SIGN,0.0114,0.4979,29.4274,0.011042,1.9579
KITCHEN METAL SIGN,TOILET METAL SIGN,0.0114,0.6756,29.4274,0.011042,3.0121
"PINK REGENCY TEACUP AND SAUCER, REGENCY CAKESTAND 3 TIER",ROSES REGENCY TEACUP AND SAUCER,0.0103,0.8614,28.9273,0.009938,7.0008
ROSES REGENCY TEACUP AND SAUCER,"PINK REGENCY TEACUP AND SAUCER, REGENCY CAKESTAND 3 TIER",0.0103,0.3457,28.9273,0.009938,1.5101
"GREEN REGENCY TEACUP AND SAUCER, PINK REGENCY TEACUP AND SAUCER",ROSES REGENCY TEACUP AND SAUCER,0.0152,0.8527,28.6356,0.014698,6.5879
ROSES REGENCY TEACUP AND SAUCER,"GREEN REGENCY TEACUP AND SAUCER, PINK REGENCY TEACUP AND SAUCER",0.0152,0.5115,28.6356,0.014698,2.0103
"REGENCY CAKESTAND 3 TIER, ROSES REGENCY TEACUP AND SAUCER",GREEN REGENCY TEACUP AND SAUCER,0.0122,0.7627,28.3989,0.01178,4.1005
GREEN REGENCY TEACUP AND SAUCER,"REGENCY CAKESTAND 3 TIER, ROSES REGENCY TEACUP AND SAUCER",0.0122,0.4547,28.3989,0.01178,1.8043
EDWARDIAN PARASOL BLACK,EDWARDIAN PARASOL RED,0.0104,0.4762,28.1996,0.010023,1.8769
EDWARDIAN PARASOL RED,EDWARDIAN PARASOL BLACK,0.0104,0.6154,28.1996,0.010023,2.5433
ROSES REGENCY TEACUP AND SAUCER,"GREEN REGENCY TEACUP AND SAUCER, REGENCY CAKESTAND 3 TIER",0.0122,0.41,28.1215,0.011776,1.6703
"GREEN REGENCY TEACUP AND SAUCER, REGENCY CAKESTAND 3 TIER",ROSES REGENCY TEACUP AND SAUCER,0.0122,0.8374,28.1215,0.011776,5.9675
RED RETROSPOT CHARLOTTE BAG,CHARLOTTE BAG PINK POLKADOT,0.0111,0.4548,27.4602,0.010702,1.8038
CHARLOTTE BAG PINK POLKADOT,RED RETROSPOT CHARLOTTE BAG,0.0111,0.6706,27.4602,0.010702,2.9616
ROSES REGENCY TEACUP AND SAUCER,PINK REGENCY TEACUP AND SAUCER,0.0171,0.5747,26.8956,0.016477,2.301
PINK REGENCY TEACUP AND SAUCER,ROSES REGENCY TEACUP AND SAUCER,0.0171,0.8009,26.8956,0.016477,4.8733
GREEN REGENCY TEACUP AND SAUCER,ROSES REGENCY TEACUP AND SAUCER,0.0214,0.7956,26.7188,0.020568,4.7478
ROSES REGENCY TEACUP AND SAUCER,GREEN REGENCY TEACUP AND SAUCER,0.0214,0.7176,26.7188,0.020568,3.4455
"KITCHEN METAL SIGN, TOILET METAL SIGN",BATHROOM METAL SIGN,0.0102,0.8949,26.6768,0.009846,9.1944
BATHROOM METAL SIGN,"KITCHEN METAL SIGN, TOILET METAL SIGN",0.0102,0.3049,26.6768,0.009846,1.4223
FELTCRAFT CUSHION OWL,FELTCRAFT CUSHION RABBIT,0.013,0.5473,26.0098,0.012459,2.1626
FELTCRAFT CUSHION RABBIT,FELTCRAFT CUSHION OWL,0.013,0.6157,26.0098,0.012459,2.5408
SPACEBOY LUNCH BOX,DOLLY GIRL LUNCH BOX,0.016,0.6209,25.2245,0.015375,2.5729
DOLLY GIRL LUNCH BOX,SPACEBOY LUNCH BOX,0.016,0.6504,25.2245,0.015375,2.7866
FELTCRAFT DOLL MOLLY,FELTCRAFT DOLL ROSIE,0.0102,0.5032,25.1548,0.009823,1.9726
FELTCRAFT DOLL ROSIE,FELTCRAFT DOLL MOLLY,0.0102,0.5114,25.1548,0.009823,2.0049
FELTCRAFT CUSHION OWL,FELTCRAFT CUSHION BUTTERFLY,0.0123,0.5213,24.695,0.01184,2.0447
FELTCRAFT CUSHION BUTTERFLY,FELTCRAFT CUSHION OWL,0.0123,0.5846,24.695,0.01184,2.3504
BATHROOM METAL SIGN,KITCHEN METAL SIGN,0.0137,0.4076,24.0885,0.013104,1.6594
KITCHEN METAL SIGN,BATHROOM METAL SIGN,0.0137,0.8081,24.0885,0.013104,5.0352
BATHROOM METAL SIGN,TOILET METAL SIGN,0.0179,0.5344,23.2748,0.017155,2.0983
TOILET METAL SIGN,BATHROOM METAL SIGN,0.0179,0.7808,23.2748,0.017155,4.4083
EDWARDIAN PARASOL NATURAL,EDWARDIAN PARASOL BLACK,0.0118,0.4758,21.804,0.011278,1.8661
EDWARDIAN PARASOL BLACK,EDWARDIAN PARASOL NATURAL,0.0118,0.5417,21.804,0.011278,2.1276
RED  HARMONICA IN BOX,BLUE HARMONICA IN BOX,0.0108,0.4691,21.2747,0.010336,1.8421
BLUE HARMONICA IN BOX,RED  HARMONICA IN BOX,0.0108,0.4919,21.2747,0.010336,1.9226
ALARM CLOCK BAKELIKE IVORY,ALARM CLOCK BAKELIKE RED,0.0124,0.6865,21.1397,0.011787,3.0861
ALARM CLOCK BAKELIKE RED,ALARM CLOCK BAKELIKE IVORY,0.0124,0.381,21.1397,0.011787,1.5864
HAND WARMER OWL DESIGN,"HAND WARMER BIRD DESIGN, HAND WARMER SCOTTY DOG DESIGN",0.0101,0.3073,20.8904,0.009616,1.4224
"HAND WARMER BIRD DESIGN, HAND WARMER SCOTTY DOG DESIGN",HAND WARMER OWL DESIGN,0.0101,0.6865,20.8904,0.009616,3.0853
ALARM CLOCK BAKELIKE RED,ALARM CLOCK BAKELIKE GREEN,0.0197,0.608,20.5068,0.018781,2.4754
ALARM CLOCK BAKELIKE GREEN,ALARM CLOCK BAKELIKE RED,0.0197,0.6659,20.5068,0.018781,2.8962
HAND WARMER SCOTTY DOG DESIGN,"HAND WARMER BIRD DESIGN, HAND WARMER OWL DESIGN",0.0101,0.3399,20.4027,0.009604,1.4897
"HAND WARMER BIRD DESIGN, HAND WARMER OWL DESIGN",HAND WARMER SCOTTY DOG DESIGN,0.0101,0.6062,20.4027,0.009604,2.4641
"HAND WARMER OWL DESIGN, HAND WARMER SCOTTY DOG DESIGN",HAND WARMER BIRD DESIGN,0.0101,0.5824,20.3568,0.009603,2.3261
HAND WARMER BIRD DESIGN,"HAND WARMER OWL DESIGN, HAND WARMER SCOTTY DOG DESIGN",0.0101,0.353,20.3568,0.009603,1.5188
ALARM CLOCK BAKELIKE GREEN,ALARM CLOCK BAKELIKE IVORY,0.0108,0.3647,20.237,0.010279,1.5458
ALARM CLOCK BAKELIKE IVORY,ALARM CLOCK BAKELIKE GREEN,0.0108,0.6,20.237,0.010279,2.4259
ALARM CLOCK BAKELIKE RED,ALARM CLOCK BAKELIKE PINK,0.0134,0.414,20.204,0.012779,1.6715
ALARM CLOCK BAKELIKE PINK,ALARM CLOCK BAKELIKE RED,0.0134,0.6561,20.204,0.012779,2.8134
HAND WARMER RED RETROSPOT,HAND WARMER UNION JACK,0.0104,0.4961,19.6371,0.009862,1.9345
HAND WARMER UNION JACK,HAND WARMER RED RETROSPOT,0.0104,0.4113,19.6371,0.009862,1.6631
ALARM CLOCK BAKELIKE PINK,ALARM CLOCK BAKELIKE GREEN,0.0118,0.5753,19.4032,0.01118,2.2847
ALARM CLOCK BAKELIKE GREEN,ALARM CLOCK BAKELIKE PINK,0.0118,0.3976,19.4032,0.01118,1.626
RED KITCHEN SCALES,IVORY KITCHEN SCALES,0.0116,0.562,19.1656,0.011019,2.2162
IVORY KITCHEN SCALES,RED KITCHEN SCALES,0.0116,0.3965,19.1656,0.011019,1.6226
PLASTERS IN TIN CIRCUS PARADE,PLASTERS IN TIN STRONGMAN,0.0101,0.4095,19.1649,0.009542,1.6573
PLASTERS IN TIN STRONGMAN,PLASTERS IN TIN CIRCUS PARADE,0.0101,0.4711,19.1649,0.009542,1.8443
LUNCH BAG PINK POLKADOT,"LUNCH BAG  BLACK SKULL., LUNCH BAG RED RETROSPOT",0.0112,0.3422,18.5216,0.010629,1.4922
"LUNCH BAG  BLACK SKULL., LUNCH BAG RED RETROSPOT",LUNCH BAG PINK POLKADOT,0.0112,0.6081,18.5216,0.010629,2.4678
SET OF 3 HEART COOKIE CUTTERS,SET OF 3 BUTTERFLY COOKIE CUTTERS,0.0116,0.4217,18.0097,0.01098,1.6886
SET OF 3 BUTTERFLY COOKIE CUTTERS,SET OF 3 HEART COOKIE CUTTERS,0.0116,0.4965,18.0097,0.01098,1.9315
PLASTERS IN TIN WOODLAND ANIMALS,PLASTERS IN TIN SPACEBOY,0.0122,0.4993,17.8175,0.011494,1.9414
PLASTERS IN TIN SPACEBOY,PLASTERS IN TIN WOODLAND ANIMALS,0.0122,0.4345,17.8175,0.011494,1.7253
HAND WARMER OWL DESIGN,HAND WARMER SCOTTY DOG DESIGN,0.0173,0.5277,17.7585,0.016365,2.0542
HAND WARMER SCOTTY DOG DESIGN,HAND WARMER OWL DESIGN,0.0173,0.5836,17.7585,0.016365,2.3227
HAND WARMER OWL DESIGN,HAND WARMER BIRD DESIGN,0.0167,0.5069,17.7185,0.015719,1.97
HAND WARMER BIRD DESIGN,HAND WARMER OWL DESIGN,0.0167,0.5823,17.7185,0.015719,2.3153
HAND WARMER SCOTTY DOG DESIGN,HAND WARMER RED RETROSPOT,0.0108,0.365,17.4274,0.010224,1.5419
HAND WARMER RED RETROSPOT,HAND WARMER SCOTTY DOG DESIGN,0.0108,0.5178,17.4274,0.010224,2.0123
LUNCH BAG PINK RETROSPOT,LUNCH BAG RED SPOTTY,0.0117,0.5342,17.3717,0.010987,2.0809
LUNCH BAG RED SPOTTY,LUNCH BAG PINK RETROSPOT,0.0117,0.3791,17.3717,0.010987,1.5754
HAND WARMER SCOTTY DOG DESIGN,HAND WARMER BIRD DESIGN,0.0147,0.4951,17.3048,0.013861,1.9239
HAND WARMER BIRD DESIGN,HAND WARMER SCOTTY DOG DESIGN,0.0147,0.5142,17.3048,0.013861,1.9972
PLASTERS IN TIN CIRCUS PARADE,PLASTERS IN TIN SPACEBOY,0.0118,0.4782,17.0635,0.011067,1.8627
PLASTERS IN TIN SPACEBOY,PLASTERS IN TIN CIRCUS PARADE,0.0118,0.4195,17.0635,0.011067,1.6802
PLASTERS IN TIN SKULLS,PLASTERS IN TIN WOODLAND ANIMALS,0.0106,0.4088,16.7626,0.009924,1.6502
PLASTERS IN TIN WOODLAND ANIMALS,PLASTERS IN TIN SKULLS,0.0106,0.4328,16.7626,0.009924,1.7174
HAND WARMER OWL DESIGN,HAND WARMER RED RETROSPOT,0.0115,0.3508,16.7477,0.01084,1.5081
HAND WARMER RED RETROSPOT,HAND WARMER OWL DESIGN,0.0115,0.5504,16.7477,0.01084,2.151
RED RETROSPOT CHARLOTTE BAG,CHARLOTTE BAG SUKI DESIGN,0.0107,0.4362,16.3998,0.010002,1.7264
CHARLOTTE BAG SUKI DESIGN,RED RETROSPOT CHARLOTTE BAG,0.0107,0.4005,16.3998,0.010002,1.6273
HANGING HEART ZINC T-LIGHT HOLDER,SINGLE HEART ZINC T-LIGHT HOLDER,0.0141,0.4045,16.2815,0.013228,1.6375
SINGLE HEART ZINC T-LIGHT HOLDER,HANGING HEART ZINC T-LIGHT HOLDER,0.0141,0.5673,16.2815,0.013228,2.2306
LUNCH BAG SUKI DESIGN,LUNCH BAG APPLE DESIGN,0.0107,0.3935,16.2667,0.010027,1.609
LUNCH BAG APPLE DESIGN,LUNCH BAG SUKI DESIGN,0.0107,0.4416,16.2667,0.010027,1.7422
STRAWBERRY CHARLOTTE BAG,WOODLAND CHARLOTTE BAG,0.0112,0.391,16.16,0.010541,1.6022
WOODLAND CHARLOTTE BAG,STRAWBERRY CHARLOTTE BAG,0.0112,0.4644,16.16,0.010541,1.8135
CHARLOTTE BAG SUKI DESIGN,WOODLAND CHARLOTTE BAG,0.0104,0.3895,16.0997,0.009716,1.5984
WOODLAND CHARLOTTE BAG,CHARLOTTE BAG SUKI DESIGN,0.0104,0.4282,16.0997,0.009716,1.7023
LUNCH BAG RED RETROSPOT,"LUNCH BAG  BLACK SKULL., LUNCH BAG PINK POLKADOT",0.0112,0.2588,15.2665,0.0105,1.3263
"LUNCH BAG  BLACK SKULL., LUNCH BAG PINK POLKADOT",LUNCH BAG RED RETROSPOT,0.0112,0.6628,15.2665,0.0105,2.8371
PINK BLUE FELT CRAFT TRINKET BOX,PINK CREAM FELT CRAFT TRINKET BOX,0.0176,0.5791,15.2276,0.016445,2.2853
PINK CREAM FELT CRAFT TRINKET BOX,PINK BLUE FELT CRAFT TRINKET BOX,0.0176,0.4629,15.2276,0.016445,1.8051
HAND WARMER OWL DESIGN,HAND WARMER UNION JACK,0.0126,0.3824,15.1362,0.011737,1.5783
HAND WARMER UNION JACK,HAND WARMER OWL DESIGN,0.0126,0.4974,15.1362,0.011737,1.9244
PLASTERS IN TIN VINTAGE PAISLEY,PLASTERS IN TIN WOODLAND ANIMALS,0.0102,0.3673,15.0588,0.00952,1.5419
PLASTERS IN TIN WOODLAND ANIMALS,PLASTERS IN TIN VINTAGE PAISLEY,0.0102,0.4181,15.0588,0.00952,1.6708
WOOD 2 DRAWER CABINET WHITE FINISH,WOOD S/3 CABINET ANT WHITE FINISH,0.016,0.4754,14.9691,0.01494,1.8457
WOOD S/3 CABINET ANT WHITE FINISH,WOOD 2 DRAWER CABINET WHITE FINISH,0.016,0.5041,14.9691,0.01494,1.9486
WOODEN PICTURE FRAME WHITE FINISH,"WOOD 2 DRAWER CABINET WHITE FINISH, WOODEN FRAME ANTIQUE WHITE",0.0116,0.2218,14.9134,0.010786,1.2659
"WOOD 2 DRAWER CABINET WHITE FINISH, WOODEN FRAME ANTIQUE WHITE",WOODEN PICTURE FRAME WHITE FINISH,0.0116,0.7773,14.9134,0.010786,4.2562
PLASTERS IN TIN SPACEBOY,PLASTERS IN TIN SKULLS,0.0107,0.3812,14.7667,0.00996,1.5744
PLASTERS IN TIN SKULLS,PLASTERS IN TIN SPACEBOY,0.0107,0.4138,14.7667,0.00996,1.6582
RED RETROSPOT CHARLOTTE BAG,STRAWBERRY CHARLOTTE BAG,0.0103,0.4215,14.6678,0.009592,1.6791
STRAWBERRY CHARLOTTE BAG,RED RETROSPOT CHARLOTTE BAG,0.0103,0.3582,14.6678,0.009592,1.52
HAND WARMER UNION JACK,HAND WARMER SCOTTY DOG DESIGN,0.011,0.4357,14.6644,0.010258,1.7196
HAND WARMER SCOTTY DOG DESIGN,HAND WARMER UNION JACK,0.011,0.3705,14.6644,0.010258,1.5484
"WOOD 2 DRAWER CABINET WHITE FINISH, WOODEN PICTURE FRAME WHITE FINISH",WOODEN FRAME ANTIQUE WHITE,0.0116,0.7911,14.2049,0.010747,4.5206
WOODEN FRAME ANTIQUE WHITE,"WOOD 2 DRAWER CABINET WHITE FINISH, WOODEN PICTURE FRAME WHITE FINISH",0.0116,0.2076,14.2049,0.010747,1.2435
CHARLOTTE BAG SUKI DESIGN,STRAWBERRY CHARLOTTE BAG,0.0107,0.4017,13.9777,0.00992,1.6234
STRAWBERRY CHARLOTTE BAG,CHARLOTTE BAG SUKI DESIGN,0.0107,0.3718,13.9777,0.00992,1.5494
HAND WARMER UNION JACK,HAND WARMER BIRD DESIGN,0.0101,0.3985,13.9275,0.009344,1.6148
HAND WARMER BIRD DESIGN,HAND WARMER UNION JACK,0.0101,0.3519,13.9275,0.009344,1.5039
PLASTERS IN TIN VINTAGE PAISLEY,PLASTERS IN TIN SPACEBOY,0.0108,0.3895,13.8974,0.010036,1.592
PLASTERS IN TIN SPACEBOY,PLASTERS IN TIN VINTAGE PAISLEY,0.0108,0.3859,13.8974,0.010036,1.5831
PACK OF 60 SPACEBOY CAKE CASES,PACK OF 60 DINOSAUR CAKE CASES,0.0111,0.4541,13.8852,0.010276,1.7718
PACK OF 60 DINOSAUR CAKE CASES,PACK OF 60 SPACEBOY CAKE CASES,0.0111,0.3386,13.8852,0.010276,1.4751
CHOCOLATE HOT WATER BOTTLE,HOT WATER BOTTLE I AM SO POORLY,0.0149,0.3348,13.3543,0.013819,1.4656
HOT WATER BOTTLE I AM SO POORLY,CHOCOLATE HOT WATER BOTTLE,0.0149,0.5959,13.3543,0.013819,2.364
VINTAGE HEADS AND TAILS CARD GAME,VINTAGE SNAP CARDS,0.018,0.5925,13.0795,0.016615,2.3429
VINTAGE SNAP CARDS,VINTAGE HEADS AND TAILS CARD GAME,0.018,0.3971,13.0795,0.016615,1.6084
LUNCH BAG RED RETROSPOT,LUNCH BAG PINK POLKADOT,0.0184,0.4241,12.9171,0.016987,1.6794
LUNCH BAG PINK POLKADOT,LUNCH BAG RED RETROSPOT,0.0184,0.5608,12.9171,0.016987,2.1782
STRAWBERRY CERAMIC TRINKET BOX,SWEETHEART CERAMIC TRINKET BOX,0.0246,0.4579,12.8774,0.022644,1.7791
SWEETHEART CERAMIC TRINKET BOX,STRAWBERRY CERAMIC TRINKET BOX,0.0246,0.6904,12.8774,0.022644,3.0569
3 STRIPEY MICE FELTCRAFT,FELTCRAFT BUTTERFLY HEARTS,0.0104,0.4108,12.8423,0.009582,1.6429
FELTCRAFT BUTTERFLY HEARTS,3 STRIPEY MICE FELTCRAFT,0.0104,0.3249,12.8423,0.009582,1.4437
BAKING SET SPACEBOY DESIGN,BAKING SET 9 PIECE RETROSPOT,0.015,0.6127,12.8357,0.013834,2.4589
BAKING SET 9 PIECE RETROSPOT,BAKING SET SPACEBOY DESIGN,0.015,0.3143,12.8357,0.013834,1.4226
JUMBO BAG SCANDINAVIAN PAISLEY,JUMBO BAG PINK VINTAGE PAISLEY,0.0102,0.4673,12.8243,0.009402,1.8087
JUMBO BAG PINK VINTAGE PAISLEY,JUMBO BAG SCANDINAVIAN PAISLEY,0.0102,0.2799,12.8243,0.009402,1.3583
LUNCH BAG WOODLAND,"LUNCH BAG CARS BLUE, LUNCH BAG SPACEBOY DESIGN",0.0114,0.2634,12.5344,0.010459,1.329
"LUNCH BAG CARS BLUE, LUNCH BAG SPACEBOY DESIGN",LUNCH BAG WOODLAND,0.0114,0.541,12.5344,0.010459,2.0844
WOODEN PICTURE FRAME WHITE FINISH,"WHITE HANGING HEART T-LIGHT HOLDER, WOODEN FRAME ANTIQUE WHITE",0.0139,0.2673,12.49,0.012816,1.3356
"WHITE HANGING HEART T-LIGHT HOLDER, WOODEN FRAME ANTIQUE WHITE",WOODEN PICTURE FRAME WHITE FINISH,0.0139,0.651,12.49,0.012816,2.7159
LUNCH BAG SUKI DESIGN,LUNCH BAG PINK POLKADOT,0.0108,0.3983,12.1326,0.009922,1.6075
LUNCH BAG PINK POLKADOT,LUNCH BAG SUKI DESIGN,0.0108,0.3294,12.1326,0.009922,1.4507
"LUNCH BAG  BLACK SKULL., LUNCH BAG CARS BLUE",LUNCH BAG WOODLAND,0.0119,0.5148,11.9286,0.010859,1.9721
LUNCH BAG WOODLAND,"LUNCH BAG  BLACK SKULL., LUNCH BAG CARS BLUE",0.0119,0.2746,11.9286,0.010859,1.3469
"WHITE HANGING HEART T-LIGHT HOLDER, WOODEN PICTURE FRAME WHITE FINISH",WOODEN FRAME ANTIQUE WHITE,0.0139,0.653,11.7245,0.012743,2.7211
WOODEN FRAME ANTIQUE WHITE,"WHITE HANGING HEART T-LIGHT HOLDER, WOODEN PICTURE FRAME WHITE FINISH",0.0139,0.2501,11.7245,0.012743,1.3051
PACK OF 72 SKULL CAKE CASES,PACK OF 60 DINOSAUR CAKE CASES,0.0128,0.3788,11.5851,0.01169,1.5573
PACK OF 60 DINOSAUR CAKE CASES,PACK OF 72 SKULL CAKE CASES,0.0128,0.3913,11.5851,0.01169,1.5873
FELTCRAFT 6 FLOWER FRIENDS,FELTCRAFT BUTTERFLY HEARTS,0.0135,0.3686,11.5223,0.012307,1.533
FELTCRAFT BUTTERFLY HEARTS,FELTCRAFT 6 FLOWER FRIENDS,0.0135,0.4213,11.5223,0.012307,1.6649
3 STRIPEY MICE FELTCRAFT,FELTCRAFT 6 FLOWER FRIENDS,0.0105,0.4159,11.3746,0.009597,1.6495
FELTCRAFT 6 FLOWER FRIENDS,3 STRIPEY MICE FELTCRAFT,0.0105,0.2877,11.3746,0.009597,1.3685
LUNCH BAG WOODLAND,"LUNCH BAG  BLACK SKULL., LUNCH BAG SPACEBOY DESIGN",0.0116,0.2694,11.3477,0.010601,1.3362
"LUNCH BAG  BLACK SKULL., LUNCH BAG SPACEBOY DESIGN",LUNCH BAG WOODLAND,0.0116,0.4897,11.3477,0.010601,1.8752
LUNCH BAG RED RETROSPOT,LUNCH BAG SUKI DESIGN,0.0133,0.3067,11.2957,0.012136,1.4031
LUNCH BAG SUKI DESIGN,LUNCH BAG RED RETROSPOT,0.0133,0.4904,11.2957,0.012136,1.8772
72 SWEETHEART FAIRY CAKE CASES,PACK OF 60 DINOSAUR CAKE CASES,0.0127,0.3686,11.2724,0.011541,1.532
PACK OF 60 DINOSAUR CAKE CASES,72 SWEETHEART FAIRY CAKE CASES,0.0127,0.3873,11.2724,0.011541,1.576
COOK WITH WINE METAL SIGN,GIN + TONIC DIET METAL SIGN,0.0179,0.4821,11.128,0.016285,1.8471
GIN + TONIC DIET METAL SIGN,COOK WITH WINE METAL SIGN,0.0179,0.413,11.128,0.016285,1.6405
HAND OVER THE CHOCOLATE   SIGN,CHOCOLATE THIS WAY METAL SIGN,0.011,0.269,11.0886,0.010045,1.3348
CHOCOLATE THIS WAY METAL SIGN,HAND OVER THE CHOCOLATE   SIGN,0.011,0.4552,11.0886,0.010045,1.76
"LUNCH BAG  BLACK SKULL., LUNCH BAG WOODLAND",LUNCH BAG CARS BLUE,0.0119,0.5831,11.0153,0.010777,2.2715
LUNCH BAG CARS BLUE,"LUNCH BAG  BLACK SKULL., LUNCH BAG WOODLAND",0.0119,0.2239,11.0153,0.010777,1.2623
HEART OF WICKER LARGE,"HEART OF WICKER SMALL, WHITE HANGING HEART T-LIGHT HOLDER",0.0109,0.1957,10.8971,0.00991,1.221
"HEART OF WICKER SMALL, WHITE HANGING HEART T-LIGHT HOLDER",HEART OF WICKER LARGE,0.0109,0.6076,10.8971,0.00991,2.4063
HOT WATER BOTTLE TEA AND SYMPATHY,CHOCOLATE HOT WATER BOTTLE,0.0192,0.486,10.8932,0.01746,1.8589
CHOCOLATE HOT WATER BOTTLE,HOT WATER BOTTLE TEA AND SYMPATHY,0.0192,0.4309,10.8932,0.01746,1.6875
WOOD 2 DRAWER CABINET WHITE FINISH,"WOODEN FRAME ANTIQUE WHITE, WOODEN PICTURE FRAME WHITE FINISH",0.0116,0.3433,10.876,0.010498,1.4747
"WOODEN FRAME ANTIQUE WHITE, WOODEN PICTURE FRAME WHITE FINISH",WOOD 2 DRAWER CABINET WHITE FINISH,0.0116,0.3663,10.876,0.010498,1.5248
WOODEN FRAME ANTIQUE WHITE,WOODEN PICTURE FRAME WHITE FINISH,0.0316,0.5668,10.8741,0.028662,2.1879
WOODEN PICTURE FRAME WHITE FINISH,WOODEN FRAME ANTIQUE WHITE,0.0316,0.6056,10.8741,0.028662,2.3943
LUNCH BAG SUKI  DESIGN,LUNCH BAG RED SPOTTY,0.0105,0.3309,10.7612,0.009485,1.4487
LUNCH BAG RED SPOTTY,LUNCH BAG SUKI  DESIGN,0.0105,0.34,10.7612,0.009485,1.4673
LUNCH BAG DOLLY GIRL DESIGN,LUNCH BAG SPACEBOY DESIGN,0.0145,0.5856,10.7407,0.013194,2.2817
LUNCH BAG SPACEBOY DESIGN,LUNCH BAG DOLLY GIRL DESIGN,0.0145,0.2668,10.7407,0.013194,1.33
PAPER CHAIN KIT VINTAGE CHRISTMAS,PAPER CHAIN KIT 50'S CHRISTMAS,0.0215,0.5602,10.6612,0.019452,2.1541
PAPER CHAIN KIT 50'S CHRISTMAS,PAPER CHAIN KIT VINTAGE CHRISTMAS,0.0215,0.4085,10.6612,0.019452,1.6259
HOT WATER BOTTLE TEA AND SYMPATHY,HOT WATER BOTTLE I AM SO POORLY,0.0106,0.2668,10.6435,0.009562,1.3297
HOT WATER BOTTLE I AM SO POORLY,HOT WATER BOTTLE TEA AND SYMPATHY,0.0106,0.421,10.6435,0.009562,1.6588
LUNCH BAG CARS BLUE,"LUNCH BAG SPACEBOY DESIGN, LUNCH BAG WOODLAND",0.0114,0.2147,10.5123,0.010285,1.2474
"LUNCH BAG SPACEBOY DESIGN, LUNCH BAG WOODLAND",LUNCH BAG CARS BLUE,0.0114,0.5564,10.5123,0.010285,2.1351
"LUNCH BAG  BLACK SKULL., LUNCH BAG WOODLAND",LUNCH BAG SPACEBOY DESIGN,0.0116,0.5719,10.4888,0.010517,2.2085
LUNCH BAG SPACEBOY DESIGN,"LUNCH BAG  BLACK SKULL., LUNCH BAG WOODLAND",0.0116,0.2132,10.4888,0.010517,1.2452
LUNCH BAG SPACEBOY DESIGN,"LUNCH BAG CARS BLUE, LUNCH BAG WOODLAND",0.0114,0.2085,10.404,0.010273,1.238
"LUNCH BAG CARS BLUE, LUNCH BAG WOODLAND",LUNCH BAG SPACEBOY DESIGN,0.0114,0.5673,10.404,0.010273,2.1849
LUNCH BAG APPLE DESIGN,LUNCH BAG RED RETROSPOT,0.0108,0.447,10.2949,0.009763,1.7297
LUNCH BAG RED RETROSPOT,LUNCH BAG APPLE DESIGN,0.0108,0.2491,10.2949,0.009763,1.2995
HAND OVER THE CHOCOLATE   SIGN,COOK WITH WINE METAL SIGN,0.0157,0.3813,10.2735,0.014129,1.5564
COOK WITH WINE METAL SIGN,HAND OVER THE CHOCOLATE   SIGN,0.0157,0.4217,10.2735,0.014129,1.6582
60 TEATIME FAIRY CAKE CASES,PACK OF 60 DINOSAUR CAKE CASES,0.017,0.3295,10.0775,0.015269,1.4428
PACK OF 60 DINOSAUR CAKE CASES,60 TEATIME FAIRY CAKE CASES,0.017,0.5184,10.0775,0.015269,1.9695
LUNCH BAG  BLACK SKULL.,"LUNCH BAG PINK POLKADOT, LUNCH BAG RED RETROSPOT",0.0112,0.1822,9.8954,0.0101,1.2003
"LUNCH BAG PINK POLKADOT, LUNCH BAG RED RETROSPOT",LUNCH BAG  BLACK SKULL.,0.0112,0.6102,9.8954,0.0101,2.4074
RETROSPOT HEART HOT WATER BOTTLE,SCOTTIE DOG HOT WATER BOTTLE,0.0105,0.4312,9.6579,0.009403,1.6797
SCOTTIE DOG HOT WATER BOTTLE,RETROSPOT HEART HOT WATER BOTTLE,0.0105,0.2349,9.6579,0.009403,1.2752
PACK OF 60 PINK PAISLEY CAKE CASES,PACK OF 60 DINOSAUR CAKE CASES,0.0143,0.3148,9.6258,0.012833,1.4117
PACK OF 60 DINOSAUR CAKE CASES,PACK OF 60 PINK PAISLEY CAKE CASES,0.0143,0.4379,9.6258,0.012833,1.6982
"LUNCH BAG CARS BLUE, LUNCH BAG WOODLAND",LUNCH BAG  BLACK SKULL.,0.0119,0.5916,9.5929,0.010617,2.2974
LUNCH BAG  BLACK SKULL.,"LUNCH BAG CARS BLUE, LUNCH BAG WOODLAND",0.0119,0.1922,9.5929,0.010617,1.2131
HAND OVER THE CHOCOLATE   SIGN,NO SINGING METAL SIGN,0.012,0.2911,9.5681,0.010701,1.3678
NO SINGING METAL SIGN,HAND OVER THE CHOCOLATE   SIGN,0.012,0.3927,9.5681,0.010701,1.5792
LUNCH BAG RED RETROSPOT,LUNCH BAG DOLLY GIRL DESIGN,0.0102,0.2356,9.4838,0.009151,1.2757
LUNCH BAG DOLLY GIRL DESIGN,LUNCH BAG RED RETROSPOT,0.0102,0.4118,9.4838,0.009151,1.6262
60 TEATIME FAIRY CAKE CASES,72 SWEETHEART FAIRY CAKE CASES,0.0168,0.3258,9.4815,0.014989,1.4322
72 SWEETHEART FAIRY CAKE CASES,60 TEATIME FAIRY CAKE CASES,0.0168,0.4877,9.4815,0.014989,1.8516
JUMBO BAG STRAWBERRY,"JUMBO BAG RED RETROSPOT, JUMBO STORAGE BAG SUKI",0.01,0.214,9.4814,0.008976,1.2435
"JUMBO BAG RED RETROSPOT, JUMBO STORAGE BAG SUKI",JUMBO BAG STRAWBERRY,0.01,0.4446,9.4814,0.008976,1.7161
COOK WITH WINE METAL SIGN,PLEASE ONE PERSON METAL SIGN,0.0152,0.4086,9.4741,0.013565,1.6179
PLEASE ONE PERSON METAL SIGN,COOK WITH WINE METAL SIGN,0.0152,0.3517,9.4741,0.013565,1.4851
HEART OF WICKER SMALL,"HEART OF WICKER LARGE, WHITE HANGING HEART T-LIGHT HOLDER",0.0109,0.1953,9.3555,0.009745,1.2168
"HEART OF WICKER LARGE, WHITE HANGING HEART T-LIGHT HOLDER",HEART OF WICKER SMALL,0.0109,0.5226,9.3555,0.009745,1.9775
HOME BUILDING BLOCK WORD,LOVE BUILDING BLOCK WORD,0.0248,0.4334,9.2543,0.022129,1.6821
LOVE BUILDING BLOCK WORD,HOME BUILDING BLOCK WORD,0.0248,0.5298,9.2543,0.022129,2.0051
PACK OF 60 SPACEBOY CAKE CASES,60 TEATIME FAIRY CAKE CASES,0.0116,0.4754,9.2414,0.010339,1.808
60 TEATIME FAIRY CAKE CASES,PACK OF 60 SPACEBOY CAKE CASES,0.0116,0.2254,9.2414,0.010339,1.2595
LUNCH BAG SPACEBOY DESIGN,"LUNCH BAG  BLACK SKULL., LUNCH BAG CARS BLUE",0.0116,0.2126,9.235,0.010338,1.2408
"LUNCH BAG  BLACK SKULL., LUNCH BAG CARS BLUE",LUNCH BAG SPACEBOY DESIGN,0.0116,0.5035,9.235,0.010338,1.9044
LUNCH BAG  BLACK SKULL.,"LUNCH BAG SPACEBOY DESIGN, LUNCH BAG WOODLAND",0.0116,0.1885,9.2294,0.010366,1.2071
"LUNCH BAG SPACEBOY DESIGN, LUNCH BAG WOODLAND",LUNCH BAG  BLACK SKULL.,0.0116,0.5692,9.2294,0.010366,2.1779
LUNCH BAG CARS BLUE,"LUNCH BAG  BLACK SKULL., LUNCH BAG SPACEBOY DESIGN",0.0116,0.219,9.2263,0.010337,1.25
"LUNCH BAG  BLACK SKULL., LUNCH BAG SPACEBOY DESIGN",LUNCH BAG CARS BLUE,0.0116,0.4884,9.2263,0.010337,1.8511
GIN + TONIC DIET METAL SIGN,HAND OVER THE CHOCOLATE   SIGN,0.0163,0.3771,9.1861,0.014556,1.5394
HAND OVER THE CHOCOLATE   SIGN,GIN + TONIC DIET METAL SIGN,0.0163,0.3979,9.1861,0.014556,1.589
60 TEATIME FAIRY CAKE CASES,PACK OF 60 PINK PAISLEY CAKE CASES,0.0213,0.4141,9.1028,0.018963,1.6292
PACK OF 60 PINK PAISLEY CAKE CASES,60 TEATIME FAIRY CAKE CASES,0.0213,0.4682,9.1028,0.018963,1.7838
JUMBO BAG SPACEBOY DESIGN,JUMBO STORAGE BAG SUKI,0.0133,0.4767,9.1016,0.011851,1.811
JUMBO STORAGE BAG SUKI,JUMBO BAG SPACEBOY DESIGN,0.0133,0.2542,9.1016,0.011851,1.3034
ASSORTED COLOUR BIRD ORNAMENT,PAINTED METAL PEARS ASSORTED,0.0162,0.2002,9.0777,0.014419,1.2227
PAINTED METAL PEARS ASSORTED,ASSORTED COLOUR BIRD ORNAMENT,0.0162,0.7349,9.0777,0.014419,3.4668
JUMBO STORAGE BAG SKULLS,JUMBO STORAGE BAG SUKI,0.0147,0.4739,9.0474,0.013114,1.8012
JUMBO STORAGE BAG SUKI,JUMBO STORAGE BAG SKULLS,0.0147,0.2815,9.0474,0.013114,1.3484
GIN + TONIC DIET METAL SIGN,NO SINGING METAL SIGN,0.0119,0.2751,9.0414,0.0106,1.3375
NO SINGING METAL SIGN,GIN + TONIC DIET METAL SIGN,0.0119,0.3917,9.0414,0.0106,1.5726
LUNCH BAG  BLACK SKULL.,"LUNCH BAG CARS BLUE, LUNCH BAG SPACEBOY DESIGN",0.0116,0.188,8.9476,0.010297,1.2056
"LUNCH BAG CARS BLUE, LUNCH BAG SPACEBOY DESIGN",LUNCH BAG  BLACK SKULL.,0.0116,0.5518,8.9476,0.010297,2.0935
HEART OF WICKER SMALL,HEART OF WICKER LARGE,0.0278,0.4971,8.9152,0.024651,1.8776
HEART OF WICKER LARGE,HEART OF WICKER SMALL,0.0278,0.498,8.9152,0.024651,1.8806
PACK OF 60 PINK PAISLEY CAKE CASES,72 SWEETHEART FAIRY CAKE CASES,0.0139,0.3055,8.8917,0.012336,1.3904
72 SWEETHEART FAIRY CAKE CASES,PACK OF 60 PINK PAISLEY CAKE CASES,0.0139,0.4045,8.8917,0.012336,1.603
PLEASE ONE PERSON METAL SIGN,LADIES & GENTLEMEN METAL SIGN,0.0106,0.2462,8.8685,0.009422,1.2898
LADIES & GENTLEMEN METAL SIGN,PLEASE ONE PERSON METAL SIGN,0.0106,0.3825,8.8685,0.009422,1.5495
WOODEN BOX OF DOMINOES,VINTAGE SNAP CARDS,0.0103,0.4,8.8298,0.0091,1.5912
VINTAGE SNAP CARDS,WOODEN BOX OF DOMINOES,0.0103,0.2265,8.8298,0.0091,1.2597
LUNCH BAG CARS BLUE,LUNCH BAG WOODLAND,0.02,0.3785,8.7708,0.017752,1.5396
LUNCH BAG WOODLAND,LUNCH BAG CARS BLUE,0.02,0.4643,8.7708,0.017752,1.7678
WICKER STAR,HEART OF WICKER LARGE,0.0112,0.4879,8.7512,0.009894,1.844
HEART OF WICKER LARGE,WICKER STAR,0.0112,0.2003,8.7512,0.009894,1.2219
LUNCH BAG SUKI  DESIGN,LUNCH BAG SPACEBOY DESIGN,0.015,0.4748,8.7085,0.01328,1.8003
LUNCH BAG SPACEBOY DESIGN,LUNCH BAG SUKI  DESIGN,0.015,0.2752,8.7085,0.01328,1.336
JUMBO BAG OWLS,JUMBO STORAGE BAG SUKI,0.0124,0.4558,8.7026,0.01098,1.7415
JUMBO STORAGE BAG SUKI,JUMBO BAG OWLS,0.0124,0.2368,8.7026,0.01098,1.2747
LUNCH BAG WOODLAND,LUNCH BAG SPACEBOY DESIGN,0.0204,0.4733,8.6804,0.018073,1.7951
LUNCH BAG SPACEBOY DESIGN,LUNCH BAG WOODLAND,0.0204,0.3746,8.6804,0.018073,1.53
LUNCH BAG CARS BLUE,LUNCH BAG PINK POLKADOT,0.0149,0.2822,8.5958,0.0132,1.3474
LUNCH BAG PINK POLKADOT,LUNCH BAG CARS BLUE,0.0149,0.455,8.5958,0.0132,1.7377
PACK OF 72 SKULL CAKE CASES,72 SWEETHEART FAIRY CAKE CASES,0.01,0.2952,8.5918,0.008809,1.3701
72 SWEETHEART FAIRY CAKE CASES,PACK OF 72 SKULL CAKE CASES,0.01,0.2902,8.5918,0.008809,1.3612
"JUMBO BAG RED RETROSPOT, JUMBO BAG STRAWBERRY",JUMBO STORAGE BAG SUKI,0.01,0.4427,8.4515,0.008847,1.7004
JUMBO STORAGE BAG SUKI,"JUMBO BAG RED RETROSPOT, JUMBO BAG STRAWBERRY",0.01,0.1916,8.4515,0.008847,1.2089
LUNCH BAG PINK POLKADOT,LUNCH BAG  BLACK SKULL.,0.017,0.5163,8.3726,0.014927,1.94
LUNCH BAG  BLACK SKULL.,LUNCH BAG PINK POLKADOT,0.017,0.2749,8.3726,0.014927,1.3338
WOOD 2 DRAWER CABINET WHITE FINISH,WOODEN PICTURE FRAME WHITE FINISH,0.0146,0.4339,8.3258,0.012858,1.6745
WOODEN PICTURE FRAME WHITE FINISH,WOOD 2 DRAWER CABINET WHITE FINISH,0.0146,0.2804,8.3258,0.012858,1.3428
LUNCH BAG CARS BLUE,LUNCH BAG DOLLY GIRL DESIGN,0.0109,0.2067,8.3224,0.009629,1.2293
LUNCH BAG DOLLY GIRL DESIGN,LUNCH BAG CARS BLUE,0.0109,0.4405,8.3224,0.009629,1.6928
60 TEATIME FAIRY CAKE CASES,PACK OF 72 RETRO SPOT CAKE CASES,0.0138,0.2683,8.2871,0.012136,1.3224
PACK OF 72 RETRO SPOT CAKE CASES,60 TEATIME FAIRY CAKE CASES,0.0138,0.4263,8.2871,0.012136,1.6533
PLEASE ONE PERSON METAL SIGN,GIN + TONIC DIET METAL SIGN,0.0154,0.3562,8.2219,0.013492,1.4859
GIN + TONIC DIET METAL SIGN,PLEASE ONE PERSON METAL SIGN,0.0154,0.3546,8.2219,0.013492,1.4825
LUNCH BAG SUKI DESIGN,LUNCH BAG CARS BLUE,0.0118,0.4342,8.2031,0.010351,1.6739
LUNCH BAG CARS BLUE,LUNCH BAG SUKI DESIGN,0.0118,0.2227,8.2031,0.010351,1.2516
JUMBO BAG RED RETROSPOT,JUMBO BAG PINK POLKADOT,0.0201,0.2612,8.1659,0.017611,1.3103
JUMBO BAG PINK POLKADOT,JUMBO BAG RED RETROSPOT,0.0201,0.6274,8.1659,0.017611,2.4777
60 TEATIME FAIRY CAKE CASES,PACK OF 72 SKULL CAKE CASES,0.0139,0.2708,8.0193,0.012194,1.3251
PACK OF 72 SKULL CAKE CASES,60 TEATIME FAIRY CAKE CASES,0.0139,0.4125,8.0193,0.012194,1.6146
PLEASE ONE PERSON METAL SIGN,HAND OVER THE CHOCOLATE   SIGN,0.0142,0.3291,8.0168,0.012421,1.4293
HAND OVER THE CHOCOLATE   SIGN,PLEASE ONE PERSON METAL SIGN,0.0142,0.3457,8.0168,0.012421,1.4625
TEA TIME PARTY BUNTING,PARTY BUNTING,0.01,0.4944,7.9416,0.008743,1.8547
PARTY BUNTING,TEA TIME PARTY BUNTING,0.01,0.1607,7.9416,0.008743,1.1673
WOOD 2 DRAWER CABINET WHITE FINISH,WOODEN FRAME ANTIQUE WHITE,0.0149,0.4417,7.9303,0.012998,1.6913
WOODEN FRAME ANTIQUE WHITE,WOOD 2 DRAWER CABINET WHITE FINISH,0.0149,0.2671,7.9303,0.012998,1.3184
JUMBO BAG PINK VINTAGE PAISLEY,JUMBO BAG STRAWBERRY,0.0135,0.3717,7.9258,0.011833,1.5169
JUMBO BAG STRAWBERRY,JUMBO BAG PINK VINTAGE PAISLEY,0.0135,0.2888,7.9258,0.011833,1.3548
PACK OF 60 PINK PAISLEY CAKE CASES,PACK OF 72 RETRO SPOT CAKE CASES,0.0117,0.2562,7.9146,0.010185,1.301
PACK OF 72 RETRO SPOT CAKE CASES,PACK OF 60 PINK PAISLEY CAKE CASES,0.0117,0.3601,7.9146,0.010185,1.4916
LUNCH BAG PINK POLKADOT,LUNCH BAG WOODLAND,0.0111,0.3383,7.8382,0.009689,1.446
LUNCH BAG WOODLAND,LUNCH BAG PINK POLKADOT,0.0111,0.2573,7.8382,0.009689,1.3023
JUMBO BAG PINK VINTAGE PAISLEY,JUMBO SHOPPER VINTAGE RED PAISLEY,0.0147,0.4037,7.7803,0.01282,1.5901
JUMBO SHOPPER VINTAGE RED PAISLEY,JUMBO BAG PINK VINTAGE PAISLEY,0.0147,0.2835,7.7803,0.01282,1.3448
SCOTTIE DOG HOT WATER BOTTLE,CHOCOLATE HOT WATER BOTTLE,0.0153,0.3425,7.6771,0.013303,1.4532
CHOCOLATE HOT WATER BOTTLE,SCOTTIE DOG HOT WATER BOTTLE,0.0153,0.3428,7.6771,0.013303,1.4537
LUNCH BAG SUKI  DESIGN,LUNCH BAG WOODLAND,0.0105,0.3309,7.668,0.009093,1.4301
LUNCH BAG WOODLAND,LUNCH BAG SUKI  DESIGN,0.0105,0.2423,7.668,0.009093,1.2781
NO SINGING METAL SIGN,PLEASE ONE PERSON METAL SIGN,0.01,0.3298,7.6469,0.008722,1.4277
PLEASE ONE PERSON METAL SIGN,NO SINGING METAL SIGN,0.01,0.2327,7.6469,0.008722,1.2636
LUNCH BAG  BLACK SKULL.,LUNCH BAG WOODLAND,0.0203,0.3296,7.6382,0.017667,1.4274
LUNCH BAG WOODLAND,LUNCH BAG  BLACK SKULL.,0.0203,0.471,7.6382,0.017667,1.7739
LUNCH BAG SPACEBOY DESIGN,LUNCH BAG SUKI DESIGN,0.0113,0.2073,7.6346,0.009821,1.2272
LUNCH BAG SUKI DESIGN,LUNCH BAG SPACEBOY DESIGN,0.0113,0.4163,7.6346,0.009821,1.6197
LUNCH BAG  BLACK SKULL.,LUNCH BAG SUKI DESIGN,0.0128,0.207,7.623,0.011088,1.2267
LUNCH BAG SUKI DESIGN,LUNCH BAG  BLACK SKULL.,0.0128,0.4701,7.623,0.011088,1.7708
JUMBO  BAG BAROQUE BLACK WHITE,JUMBO BAG STRAWBERRY,0.0161,0.3546,7.5617,0.013949,1.4767
JUMBO BAG STRAWBERRY,JUMBO  BAG BAROQUE BLACK WHITE,0.0161,0.3428,7.5617,0.013949,1.4526
WOOD S/3 CABINET ANT WHITE FINISH,WOODEN PICTURE FRAME WHITE FINISH,0.0125,0.3937,7.5529,0.010847,1.5633
WOODEN PICTURE FRAME WHITE FINISH,WOOD S/3 CABINET ANT WHITE FINISH,0.0125,0.2399,7.5529,0.010847,1.2738
WOOD S/3 CABINET ANT WHITE FINISH,WOODEN FRAME ANTIQUE WHITE,0.0133,0.4192,7.5274,0.011546,1.6259
WOODEN FRAME ANTIQUE WHITE,WOOD S/3 CABINET ANT WHITE FINISH,0.0133,0.2391,7.5274,0.011546,1.2724
PACK OF 72 RETROSPOT CAKE CASES,PACK OF 60 PINK PAISLEY CAKE CASES,0.0124,0.3423,7.5236,0.010756,1.4513
PACK OF 60 PINK PAISLEY CAKE CASES,PACK OF 72 RETROSPOT CAKE CASES,0.0124,0.2727,7.5236,0.010756,1.3251
LUNCH BAG RED RETROSPOT,LUNCH BAG WOODLAND,0.0141,0.3246,7.5214,0.01222,1.4167
LUNCH BAG WOODLAND,LUNCH BAG RED RETROSPOT,0.0141,0.3266,7.5214,0.01222,1.4204
JUMBO  BAG BAROQUE BLACK WHITE,JUMBO STORAGE BAG SKULLS,0.0106,0.2335,7.5064,0.009176,1.2641
JUMBO STORAGE BAG SKULLS,JUMBO  BAG BAROQUE BLACK WHITE,0.0106,0.3403,7.5064,0.009176,1.4471
LUNCH BAG SUKI  DESIGN,LUNCH BAG CARS BLUE,0.0125,0.3967,7.4947,0.010862,1.5698
LUNCH BAG CARS BLUE,LUNCH BAG SUKI  DESIGN,0.0125,0.2368,7.4947,0.010862,1.2689
"JUMBO BAG STRAWBERRY, JUMBO STORAGE BAG SUKI",JUMBO BAG RED RETROSPOT,0.01,0.5722,7.4476,0.008687,2.1581
JUMBO BAG RED RETROSPOT,"JUMBO BAG STRAWBERRY, JUMBO STORAGE BAG SUKI",0.01,0.1306,7.4476,0.008687,1.13
LUNCH BAG  BLACK SKULL.,LUNCH BAG DOLLY GIRL DESIGN,0.0114,0.1843,7.419,0.009834,1.1955
LUNCH BAG DOLLY GIRL DESIGN,LUNCH BAG  BLACK SKULL.,0.0114,0.4575,7.419,0.009834,1.7297
JUMBO BAG STRAWBERRY,JUMBO BAG PINK POLKADOT,0.0111,0.2368,7.4044,0.009606,1.2684
JUMBO BAG PINK POLKADOT,JUMBO BAG STRAWBERRY,0.0111,0.3472,7.4044,0.009606,1.46
PACK OF 60 PINK PAISLEY CAKE CASES,PACK OF 72 SKULL CAKE CASES,0.0112,0.2463,7.2914,0.009667,1.2819
PACK OF 72 SKULL CAKE CASES,PACK OF 60 PINK PAISLEY CAKE CASES,0.0112,0.3317,7.2914,0.009667,1.4283
LUNCH BAG SPACEBOY DESIGN,LUNCH BAG CARS BLUE,0.021,0.3853,7.28,0.018125,1.5408
LUNCH BAG CARS BLUE,LUNCH BAG SPACEBOY DESIGN,0.021,0.3969,7.28,0.018125,1.5678
JUMBO BAG SPACEBOY DESIGN,JUMBO SHOPPER VINTAGE RED PAISLEY,0.0105,0.3756,7.2376,0.00904,1.5184
JUMBO SHOPPER VINTAGE RED PAISLEY,JUMBO BAG SPACEBOY DESIGN,0.0105,0.2021,7.2376,0.00904,1.2183
LUNCH BAG SPACEBOY DESIGN,LUNCH BAG PINK POLKADOT,0.0129,0.237,7.2202,0.011135,1.2677
LUNCH BAG PINK POLKADOT,LUNCH BAG SPACEBOY DESIGN,0.0129,0.3937,7.2202,0.011135,1.5593
JUMBO BAG STRAWBERRY,JUMBO STORAGE BAG SUKI,0.0175,0.374,7.1393,0.01508,1.5137
JUMBO STORAGE BAG SUKI,JUMBO BAG STRAWBERRY,0.0175,0.3348,7.1393,0.01508,1.4328
JUMBO BAG PINK POLKADOT,JUMBO  BAG BAROQUE BLACK WHITE,0.0103,0.3208,7.0767,0.008812,1.4056
JUMBO  BAG BAROQUE BLACK WHITE,JUMBO BAG PINK POLKADOT,0.0103,0.2264,7.0767,0.008812,1.2512
LUNCH BAG  BLACK SKULL.,LUNCH BAG SPACEBOY DESIGN,0.0237,0.3849,7.0601,0.020376,1.5372
LUNCH BAG SPACEBOY DESIGN,LUNCH BAG  BLACK SKULL.,0.0237,0.4354,7.0601,0.020376,1.6619
LUNCH BAG CARS BLUE,LUNCH BAG  BLACK SKULL.,0.023,0.435,7.0534,0.01976,1.6607
LUNCH BAG  BLACK SKULL.,LUNCH BAG CARS BLUE,0.023,0.3734,7.0534,0.01976,1.5113
JUMBO  BAG BAROQUE BLACK WHITE,JUMBO STORAGE BAG SUKI,0.0167,0.3675,7.0156,0.014285,1.4982
JUMBO STORAGE BAG SUKI,JUMBO  BAG BAROQUE BLACK WHITE,0.0167,0.318,7.0156,0.014285,1.3999
LUNCH BAG  BLACK SKULL.,LUNCH BAG RED RETROSPOT,0.0185,0.2996,6.9012,0.0158,1.3658
LUNCH BAG RED RETROSPOT,LUNCH BAG  BLACK SKULL.,0.0185,0.4256,6.9012,0.0158,1.6335
JUMBO  BAG BAROQUE BLACK WHITE,JUMBO BAG PINK VINTAGE PAISLEY,0.0114,0.2507,6.8811,0.009714,1.286
JUMBO BAG PINK VINTAGE PAISLEY,JUMBO  BAG BAROQUE BLACK WHITE,0.0114,0.3119,6.8811,0.009714,1.3875
JUMBO STORAGE BAG SKULLS,JUMBO BAG STRAWBERRY,0.01,0.3225,6.8785,0.008576,1.4069
JUMBO BAG STRAWBERRY,JUMBO STORAGE BAG SKULLS,0.01,0.214,6.8785,0.008576,1.2327
JUMBO BAG PINK VINTAGE PAISLEY,JUMBO STORAGE BAG SUKI,0.0131,0.3583,6.8401,0.011146,1.4767
JUMBO STORAGE BAG SUKI,JUMBO BAG PINK VINTAGE PAISLEY,0.0131,0.2492,6.8401,0.011146,1.2834
LUNCH BAG CARS BLUE,LUNCH BAG RED RETROSPOT,0.0156,0.2945,6.7825,0.013289,1.3559
LUNCH BAG RED RETROSPOT,LUNCH BAG CARS BLUE,0.0156,0.359,6.7825,0.013289,1.4775
PACK OF 72 RETROSPOT CAKE CASES,60 TEATIME FAIRY CAKE CASES,0.0126,0.3486,6.7764,0.010768,1.4561
60 TEATIME FAIRY CAKE CASES,PACK OF 72 RETROSPOT CAKE CASES,0.0126,0.2456,6.7764,0.010768,1.2775
LUNCH BAG  BLACK SKULL.,LUNCH BAG SUKI  DESIGN,0.0132,0.2138,6.7663,0.011236,1.2317
LUNCH BAG SUKI  DESIGN,LUNCH BAG  BLACK SKULL.,0.0132,0.4173,6.7663,0.011236,1.6102
LUNCH BAG  BLACK SKULL.,LUNCH BAG RED SPOTTY,0.0128,0.207,6.7295,0.010866,1.2222
LUNCH BAG RED SPOTTY,LUNCH BAG  BLACK SKULL.,0.0128,0.415,6.7295,0.010866,1.604
LUNCH BAG SPACEBOY DESIGN,LUNCH BAG RED RETROSPOT,0.0157,0.2877,6.6257,0.013318,1.3429
LUNCH BAG RED RETROSPOT,LUNCH BAG SPACEBOY DESIGN,0.0157,0.3613,6.6257,0.013318,1.4802
LUNCH BAG CARS BLUE,LUNCH BAG RED SPOTTY,0.0107,0.2031,6.6032,0.009121,1.2162
LUNCH BAG RED SPOTTY,LUNCH BAG CARS BLUE,0.0107,0.3495,6.6032,0.009121,1.456
"PINK REGENCY TEACUP AND SAUCER, ROSES REGENCY TEACUP AND SAUCER",REGENCY CAKESTAND 3 TIER,0.0103,0.6015,6.5942,0.008733,2.2806
REGENCY CAKESTAND 3 TIER,"PINK REGENCY TEACUP AND SAUCER, ROSES REGENCY TEACUP AND SAUCER",0.0103,0.1129,6.5942,0.008733,1.1079
HOT WATER BOTTLE TEA AND SYMPATHY,SCOTTIE DOG HOT WATER BOTTLE,0.0115,0.2906,6.5091,0.00973,1.3468
SCOTTIE DOG HOT WATER BOTTLE,HOT WATER BOTTLE TEA AND SYMPATHY,0.0115,0.2575,6.5091,0.00973,1.2935
JUMBO BAG APPLES,JUMBO BAG RED RETROSPOT,0.0102,0.5,6.5076,0.008602,1.8463
JUMBO BAG RED RETROSPOT,JUMBO BAG APPLES,0.0102,0.1323,6.5076,0.008602,1.129
JUMBO STORAGE BAG SUKI,JUMBO BAG PINK POLKADOT,0.0109,0.2077,6.4929,0.009203,1.2218
JUMBO BAG PINK POLKADOT,JUMBO STORAGE BAG SUKI,0.0109,0.3401,6.4929,0.009203,1.436
"GREEN REGENCY TEACUP AND SAUCER, PINK REGENCY TEACUP AND SAUCER",REGENCY CAKESTAND 3 TIER,0.0105,0.5891,6.458,0.008892,2.2116
REGENCY CAKESTAND 3 TIER,"GREEN REGENCY TEACUP AND SAUCER, PINK REGENCY TEACUP AND SAUCER",0.0105,0.1153,6.458,0.008892,1.1102
JUMBO SHOPPER VINTAGE RED PAISLEY,JUMBO STORAGE BAG SUKI,0.0174,0.3354,6.4035,0.014688,1.4259
JUMBO STORAGE BAG SUKI,JUMBO SHOPPER VINTAGE RED PAISLEY,0.0174,0.3323,6.4035,0.014688,1.42
PARTY BUNTING,SPOTTY BUNTING,0.0117,0.1873,6.3722,0.009829,1.1943
SPOTTY BUNTING,PARTY BUNTING,0.0117,0.3967,6.3722,0.009829,1.5543
JUMBO  BAG BAROQUE BLACK WHITE,JUMBO SHOPPER VINTAGE RED PAISLEY,0.0149,0.3295,6.3498,0.012585,1.4141
JUMBO SHOPPER VINTAGE RED PAISLEY,JUMBO  BAG BAROQUE BLACK WHITE,0.0149,0.2879,6.3498,0.012585,1.3406
JUMBO BAG RED RETROSPOT,JUMBO BAG STRAWBERRY,0.0227,0.295,6.2913,0.019064,1.352
JUMBO BAG STRAWBERRY,JUMBO BAG RED RETROSPOT,0.0227,0.4834,6.2913,0.019064,1.7869
"GREEN REGENCY TEACUP AND SAUCER, ROSES REGENCY TEACUP AND SAUCER",REGENCY CAKESTAND 3 TIER,0.0122,0.5714,6.2644,0.010261,2.1205
REGENCY CAKESTAND 3 TIER,"GREEN REGENCY TEACUP AND SAUCER, ROSES REGENCY TEACUP AND SAUCER",0.0122,0.1339,6.2644,0.010261,1.1299
PINK REGENCY TEACUP AND SAUCER,REGENCY CAKESTAND 3 TIER,0.012,0.5593,6.1311,0.010001,2.062
REGENCY CAKESTAND 3 TIER,PINK REGENCY TEACUP AND SAUCER,0.012,0.131,6.1311,0.010001,1.1262
LUNCH BAG SUKI  DESIGN,JUMBO STORAGE BAG SUKI,0.0101,0.3186,6.0825,0.008412,1.3907
JUMBO STORAGE BAG SUKI,LUNCH BAG SUKI  DESIGN,0.0101,0.1922,6.0825,0.008412,1.1988
REGENCY CAKESTAND 3 TIER,GREEN REGENCY TEACUP AND SAUCER,0.0146,0.1598,5.9519,0.012131,1.1583
GREEN REGENCY TEACUP AND SAUCER,REGENCY CAKESTAND 3 TIER,0.0146,0.5429,5.9519,0.012131,1.9883
JUMBO BAG VINTAGE LEAF,JUMBO BAG RED RETROSPOT,0.0105,0.457,5.9477,0.008753,1.7001
JUMBO BAG RED RETROSPOT,JUMBO BAG VINTAGE LEAF,0.0105,0.1369,5.9477,0.008753,1.132
REGENCY CAKESTAND 3 TIER,ROSES REGENCY TEACUP AND SAUCER,0.016,0.1755,5.8938,0.013293,1.1767
ROSES REGENCY TEACUP AND SAUCER,REGENCY CAKESTAND 3 TIER,0.016,0.5376,5.8938,0.013293,1.9655
JUMBO BAG SPACEBOY DESIGN,JUMBO BAG RED RETROSPOT,0.0125,0.4477,5.8266,0.010357,1.6714
JUMBO BAG RED RETROSPOT,JUMBO BAG SPACEBOY DESIGN,0.0125,0.1627,5.8266,0.010357,1.161
JUMBO STORAGE BAG SKULLS,LUNCH BAG  BLACK SKULL.,0.0111,0.3559,5.772,0.009155,1.4569
LUNCH BAG  BLACK SKULL.,JUMBO STORAGE BAG SKULLS,0.0111,0.1796,5.772,0.009155,1.181
JUMBO SHOPPER VINTAGE RED PAISLEY,JUMBO BAG STRAWBERRY,0.0139,0.2678,5.7117,0.011465,1.3018
JUMBO BAG STRAWBERRY,JUMBO SHOPPER VINTAGE RED PAISLEY,0.0139,0.2964,5.7117,0.011465,1.3475
JUMBO  BAG BAROQUE BLACK WHITE,JUMBO BAG RED RETROSPOT,0.0198,0.437,5.6872,0.016326,1.6396
JUMBO BAG RED RETROSPOT,JUMBO  BAG BAROQUE BLACK WHITE,0.0198,0.2578,5.6872,0.016326,1.2863
JUMBO STORAGE BAG SUKI,JUMBO BAG RED RETROSPOT,0.0226,0.4309,5.6079,0.018545,1.6221
JUMBO BAG RED RETROSPOT,JUMBO STORAGE BAG SUKI,0.0226,0.2937,5.6079,0.018545,1.3418
JUMBO BAG PINK VINTAGE PAISLEY,JUMBO BAG RED RETROSPOT,0.0155,0.426,5.5448,0.012723,1.6084
JUMBO BAG RED RETROSPOT,JUMBO BAG PINK VINTAGE PAISLEY,0.0155,0.202,5.5448,0.012723,1.2075
JUMBO STORAGE BAG SKULLS,JUMBO BAG RED RETROSPOT,0.0132,0.4248,5.5294,0.010827,1.6051
JUMBO BAG RED RETROSPOT,JUMBO STORAGE BAG SKULLS,0.0132,0.172,5.5294,0.010827,1.1702
JUMBO BAG RED RETROSPOT,JUMBO BAG OWLS,0.0111,0.1445,5.3117,0.009015,1.1372
JUMBO BAG OWLS,JUMBO BAG RED RETROSPOT,0.0111,0.4081,5.3117,0.009015,1.5597
JUMBO BAG RED RETROSPOT,JUMBO SHOPPER VINTAGE RED PAISLEY,0.0206,0.268,5.1637,0.016601,1.2952
JUMBO SHOPPER VINTAGE RED PAISLEY,JUMBO BAG RED RETROSPOT,0.0206,0.3967,5.1637,0.016601,1.5303
CANDLEHOLDER PINK HANGING HEART,WHITE HANGING HEART T-LIGHT HOLDER,0.0117,0.7337,4.858,0.00931,3.1885
WHITE HANGING HEART T-LIGHT HOLDER,CANDLEHOLDER PINK HANGING HEART,0.0117,0.0776,4.858,0.00931,1.0668
RED HANGING HEART T-LIGHT HOLDER,WHITE HANGING HEART T-LIGHT HOLDER,0.0355,0.7076,4.6852,0.027944,2.9038
WHITE HANGING HEART T-LIGHT HOLDER,RED HANGING HEART T-LIGHT HOLDER,0.0355,0.2352,4.6852,0.027944,1.2419
LUNCH BAG RED RETROSPOT,JUMBO BAG RED RETROSPOT,0.015,0.3448,4.4877,0.011635,1.409
JUMBO BAG RED RETROSPOT,LUNCH BAG RED RETROSPOT,0.015,0.1948,4.4877,0.011635,1.1881
LUNCH BAG CARS BLUE,JUMBO STORAGE BAG SUKI,0.011,0.2074,3.9588,0.008204,1.1955
JUMBO STORAGE BAG SUKI,LUNCH BAG CARS BLUE,0.011,0.2095,3.9588,0.008204,1.1981
LUNCH BAG  BLACK SKULL.,JUMBO STORAGE BAG SUKI,0.0119,0.1933,3.6895,0.008688,1.1746
JUMBO STORAGE BAG SUKI,LUNCH BAG  BLACK SKULL.,0.0119,0.2275,3.6895,0.008688,1.2147
LUNCH BAG SPACEBOY DESIGN,JUMBO STORAGE BAG SUKI,0.0103,0.1888,3.6045,0.007438,1.1682
JUMBO STORAGE BAG SUKI,LUNCH BAG SPACEBOY DESIGN,0.0103,0.1965,3.6045,0.007438,1.1767
JUMBO BAG RED RETROSPOT,LUNCH BAG CARS BLUE,0.0123,0.1602,3.0262,0.008241,1.1277
LUNCH BAG CARS BLUE,JUMBO BAG RED RETROSPOT,0.0123,0.2325,3.0262,0.008241,1.2028
WHITE HANGING HEART T-LIGHT HOLDER,HEART IVORY TRELLIS LARGE,0.0103,0.0684,2.9571,0.006835,1.0486
HEART IVORY TRELLIS LARGE,WHITE HANGING HEART T-LIGHT HOLDER,0.0103,0.4466,2.9571,0.006835,1.5342
"WOODEN FRAME ANTIQUE WHITE, WOODEN PICTURE FRAME WHITE FINISH",WHITE HANGING HEART T-LIGHT HOLDER,0.0139,0.4414,2.9222,0.009164,1.5197
WHITE HANGING HEART T-LIGHT HOLDER,"WOODEN FRAME ANTIQUE WHITE, WOODEN PICTURE FRAME WHITE FINISH",0.0139,0.0922,2.9222,0.009164,1.0668
CREAM HEART CARD HOLDER,WHITE HANGING HEART T-LIGHT HOLDER,0.0154,0.4381,2.9005,0.010086,1.5108
WHITE HANGING HEART T-LIGHT HOLDER,CREAM HEART CARD HOLDER,0.0154,0.1019,2.9005,0.010086,1.0744
LUNCH BAG  BLACK SKULL.,JUMBO BAG RED RETROSPOT,0.0134,0.218,2.8374,0.008706,1.1805
JUMBO BAG RED RETROSPOT,LUNCH BAG  BLACK SKULL.,0.0134,0.175,2.8374,0.008706,1.1373
WHITE HANGING HEART T-LIGHT HOLDER,WOODEN PICTURE FRAME WHITE FINISH,0.0213,0.1413,2.7103,0.013463,1.1038
WOODEN PICTURE FRAME WHITE FINISH,WHITE HANGING HEART T-LIGHT HOLDER,0.0213,0.4093,2.7103,0.013463,1.4373
WHITE HANGING HEART T-LIGHT HOLDER,WOOD 2 DRAWER CABINET WHITE FINISH,0.0135,0.0892,2.6497,0.00839,1.061
WOOD 2 DRAWER CABINET WHITE FINISH,WHITE HANGING HEART T-LIGHT HOLDER,0.0135,0.4002,2.6497,0.00839,1.4154
ZINC METAL HEART DECORATION,WHITE HANGING HEART T-LIGHT HOLDER,0.0154,0.3955,2.6185,0.009494,1.4044
WHITE HANGING HEART T-LIGHT HOLDER,ZINC METAL HEART DECORATION,0.0154,0.1017,2.6185,0.009494,1.07
WHITE HANGING HEART T-LIGHT HOLDER,"HEART OF WICKER LARGE, HEART OF WICKER SMALL",0.0109,0.0722,2.6019,0.006718,1.0479
"HEART OF WICKER LARGE, HEART OF WICKER SMALL",WHITE HANGING HEART T-LIGHT HOLDER,0.0109,0.393,2.6019,0.006718,1.3986
WHITE HANGING HEART T-LIGHT HOLDER,WOOD S/3 CABINET ANT WHITE FINISH,0.0124,0.0823,2.5929,0.007641,1.0551
WOOD S/3 CABINET ANT WHITE FINISH,WHITE HANGING HEART T-LIGHT HOLDER,0.0124,0.3916,2.5929,0.007641,1.3954
WOODEN FRAME ANTIQUE WHITE,WHITE HANGING HEART T-LIGHT HOLDER,0.0214,0.3843,2.5441,0.012989,1.3788
WHITE HANGING HEART T-LIGHT HOLDER,WOODEN FRAME ANTIQUE WHITE,0.0214,0.1417,2.5441,0.012989,1.1002
HEART OF WICKER LARGE,WHITE HANGING HEART T-LIGHT HOLDER,0.0209,0.3745,2.4795,0.012459,1.3572
WHITE HANGING HEART T-LIGHT HOLDER,HEART OF WICKER LARGE,0.0209,0.1382,2.4795,0.012459,1.0957
WHITE HANGING HEART T-LIGHT HOLDER,LOVE BUILDING BLOCK WORD,0.0172,0.1142,2.4381,0.010171,1.076
LOVE BUILDING BLOCK WORD,WHITE HANGING HEART T-LIGHT HOLDER,0.0172,0.3682,2.4381,0.010171,1.3438
HOME BUILDING BLOCK WORD,ASSORTED COLOUR BIRD ORNAMENT,0.0112,0.1957,2.4172,0.006569,1.1426
ASSORTED COLOUR BIRD ORNAMENT,HOME BUILDING BLOCK WORD,0.0112,0.1384,2.4172,0.006569,1.0942
JUMBO BAG RED RETROSPOT,LUNCH BAG SPACEBOY DESIGN,0.0101,0.131,2.403,0.005878,1.088
LUNCH BAG SPACEBOY DESIGN,JUMBO BAG RED RETROSPOT,0.0101,0.1846,2.403,0.005878,1.1322
HANGING HEART ZINC T-LIGHT HOLDER,WHITE HANGING HEART T-LIGHT HOLDER,0.0115,0.3308,2.1905,0.006265,1.2687
WHITE HANGING HEART T-LIGHT HOLDER,HANGING HEART ZINC T-LIGHT HOLDER,0.0115,0.0763,2.1905,0.006265,1.0449
WOOD BLACK BOARD ANT WHITE FINISH,WHITE HANGING HEART T-LIGHT HOLDER,0.0106,0.328,2.1713,0.005693,1.2632
WHITE HANGING HEART T-LIGHT HOLDER,WOOD BLACK BOARD ANT WHITE FINISH,0.0106,0.0699,2.1713,0.005693,1.0405
HOME BUILDING BLOCK WORD,WHITE HANGING HEART T-LIGHT HOLDER,0.0187,0.3273,2.1669,0.01009,1.262
WHITE HANGING HEART T-LIGHT HOLDER,HOME BUILDING BLOCK WORD,0.0187,0.1241,2.1669,0.01009,1.0763
WHITE HANGING HEART T-LIGHT HOLDER,HEART OF WICKER SMALL,0.018,0.1189,2.1287,0.009522,1.0716
HEART OF WICKER SMALL,WHITE HANGING HEART T-LIGHT HOLDER,0.018,0.3215,2.1287,0.009522,1.2513
BATHROOM METAL SIGN,WHITE HANGING HEART T-LIGHT HOLDER,0.0103,0.3078,2.0382,0.00526,1.2265
WHITE HANGING HEART T-LIGHT HOLDER,BATHROOM METAL SIGN,0.0103,0.0684,2.0382,0.00526,1.0374
HAND OVER THE CHOCOLATE   SIGN,WHITE HANGING HEART T-LIGHT HOLDER,0.0125,0.3054,2.0219,0.006335,1.2222
WHITE HANGING HEART T-LIGHT HOLDER,HAND OVER THE CHOCOLATE   SIGN,0.0125,0.083,2.0219,0.006335,1.0457
NATURAL SLATE HEART CHALKBOARD,WHITE HANGING HEART T-LIGHT HOLDER,0.0155,0.3032,2.0074,0.007757,1.2183
WHITE HANGING HEART T-LIGHT HOLDER,NATURAL SLATE HEART CHALKBOARD,0.0155,0.1023,2.0074,0.007757,1.0572
COOK WITH WINE METAL SIGN,WHITE HANGING HEART T-LIGHT HOLDER,0.0107,0.2887,1.9116,0.00511,1.1936
WHITE HANGING HEART T-LIGHT HOLDER,COOK WITH WINE METAL SIGN,0.0107,0.071,1.9116,0.00511,1.0364
PLEASE ONE PERSON METAL SIGN,WHITE HANGING HEART T-LIGHT HOLDER,0.0124,0.2877,1.9045,0.005892,1.1918
WHITE HANGING HEART T-LIGHT HOLDER,PLEASE ONE PERSON METAL SIGN,0.0124,0.0821,1.9045,0.005892,1.0425
GIN + TONIC DIET METAL SIGN,WHITE HANGING HEART T-LIGHT HOLDER,0.0124,0.2864,1.896,0.005862,1.1896
WHITE HANGING HEART T-LIGHT HOLDER,GIN + TONIC DIET METAL SIGN,0.0124,0.0821,1.896,0.005862,1.0423
WHITE HANGING HEART T-LIGHT HOLDER,STRAWBERRY CERAMIC TRINKET BOX,0.0145,0.0957,1.7846,0.006353,1.0465
STRAWBERRY CERAMIC TRINKET BOX,WHITE HANGING HEART T-LIGHT HOLDER,0.0145,0.2695,1.7846,0.006353,1.1622
VICTORIAN GLASS HANGING T-LIGHT,WHITE HANGING HEART T-LIGHT HOLDER,0.0117,0.2614,1.7307,0.00495,1.1494
WHITE HANGING HEART T-LIGHT HOLDER,VICTORIAN GLASS HANGING T-LIGHT,0.0117,0.0776,1.7307,0.00495,1.0355
WHITE HANGING HEART T-LIGHT HOLDER,ASSORTED COLOUR BIRD ORNAMENT,0.0202,0.1337,1.6519,0.007971,1.0609
ASSORTED COLOUR BIRD ORNAMENT,WHITE HANGING HEART T-LIGHT HOLDER,0.0202,0.2495,1.6519,0.007971,1.1312
ASSORTED COLOUR BIRD ORNAMENT,REGENCY CAKESTAND 3 TIER,0.012,0.1476,1.6182,0.004566,1.0662
REGENCY CAKESTAND 3 TIER,ASSORTED COLOUR BIRD ORNAMENT,0.012,0.131,1.6182,0.004566,1.0576
WHITE HANGING HEART T-LIGHT HOLDER,60 TEATIME FAIRY CAKE CASES,0.0125,0.0828,1.6093,0.004733,1.0342
60 TEATIME FAIRY CAKE CASES,WHITE HANGING HEART T-LIGHT HOLDER,0.0125,0.2431,1.6093,0.004733,1.1216
SCOTTIE DOG HOT WATER BOTTLE,WHITE HANGING HEART T-LIGHT HOLDER,0.0104,0.2335,1.5457,0.00368,1.1075
WHITE HANGING HEART T-LIGHT HOLDER,SCOTTIE DOG HOT WATER BOTTLE,0.0104,0.069,1.5457,0.00368,1.0262
WHITE HANGING HEART T-LIGHT HOLDER,REX CASH+CARRY JUMBO SHOPPER,0.0138,0.0914,1.5436,0.00486,1.0354
REX CASH+CARRY JUMBO SHOPPER,WHITE HANGING HEART T-LIGHT HOLDER,0.0138,0.2331,1.5436,0.00486,1.1071
LUNCH BAG CARS BLUE,WHITE HANGING HEART T-LIGHT HOLDER,0.012,0.2264,1.4989,0.003988,1.0974
WHITE HANGING HEART T-LIGHT HOLDER,LUNCH BAG CARS BLUE,0.012,0.0793,1.4989,0.003988,1.0287
WHITE HANGING HEART T-LIGHT HOLDER,PARTY BUNTING,0.0138,0.0914,1.4679,0.004399,1.0321
PARTY BUNTING,WHITE HANGING HEART T-LIGHT HOLDER,0.0138,0.2217,1.4679,0.004399,1.0908
LUNCH BAG  BLACK SKULL.,WHITE HANGING HEART T-LIGHT HOLDER,0.013,0.2112,1.3981,0.003708,1.0762
WHITE HANGING HEART T-LIGHT HOLDER,LUNCH BAG  BLACK SKULL.,0.013,0.0862,1.3981,0.003708,1.0269
LUNCH BAG SPACEBOY DESIGN,WHITE HANGING HEART T-LIGHT HOLDER,0.0112,0.2061,1.3644,0.003001,1.0693
WHITE HANGING HEART T-LIGHT HOLDER,LUNCH BAG SPACEBOY DESIGN,0.0112,0.0744,1.3644,0.003001,1.0215
JUMBO STORAGE BAG SUKI,WHITE HANGING HEART T-LIGHT HOLDER,0.0105,0.1996,1.3217,0.002545,1.0607
WHITE HANGING HEART T-LIGHT HOLDER,JUMBO STORAGE BAG SUKI,0.0105,0.0692,1.3217,0.002545,1.0181
WHITE HANGING HEART T-LIGHT HOLDER,JUMBO BAG RED RETROSPOT,0.0137,0.0907,1.1809,0.002099,1.0153
JUMBO BAG RED RETROSPOT,WHITE HANGING HEART T-LIGHT HOLDER,0.0137,0.1784,1.1809,0.002099,1.0333
REGENCY CAKESTAND 3 TIER,WHITE HANGING HEART T-LIGHT HOLDER,0.015,0.1648,1.0913,0.001258,1.0165
WHITE HANGING HEART T-LIGHT HOLDER,REGENCY CAKESTAND 3 TIER,0.015,0.0995,1.0913,0.001258,1.0093
